{"cameraMode":{"drawMode":0,"name":"Shaded","section":"Shading Mode"},"sceneLighting":false,"audioPlay":false,"sceneViewState":{"m_AlwaysRefresh":false,"showFog":true,"showSkybox":false,"showFlares":true,"showImageEffects":true,"showParticleSystems":true,"showVisualEffectGraphs":true,"m_FxEnabled":true},"in2DMode":false,"pivot":{"x":0.40799999237060549,"y":1.7619999647140504,"z":1.649999976158142},"rotation":{"x":0.11022675782442093,"y":-0.12133369594812393,"z":0.013840357773005963,"w":0.9865004420280457},"size":0.04330124706029892,"orthographic":false}